# Digitized from Fig. 2(a), Smith et al., Phys. Rev. Lett. 135, 086702 (2025), arXiv:2501.08327v5.
# Visual-comparison data only; no experimental uncertainties were inferred from the raster image.
# Source Figure2.png SHA256: cc2f9ea660b8c26320557734d337c7513be6073be95143750412e0d6c87646a9.
# Calibration from plotted ticks: x=389.5 -> 0.1 K, x=726.5 -> 1 K; y=699.5 -> 0, 138.0 px per 0.5 J mol_Ce^-1 K^-1.
series,temperature_K,Cmag_J_molCe_K
experiment,0.0206319397,1.93297101
experiment,0.0212035948,1.94384058
experiment,0.0217910889,2.08967391
experiment,0.0223948608,2.1557971
experiment,0.0230153617,2.22373188
experiment,0.0236530549,2.25
experiment,0.0243084169,2.23188406
experiment,0.0249819372,2.22282609
experiment,0.0256741189,2.1884058
experiment,0.0263854791,2.1557971
experiment,0.0271165492,2.12137681
experiment,0.0278678752,2.08967391
experiment,0.0286400185,2.08152174
experiment,0.0294335557,1.99818841
experiment,0.0302490797,1.9692029
experiment,0.0310871997,1.95652174
experiment,0.0319485416,1.92844203
experiment,0.0328337491,1.93478261
experiment,0.0337434832,1.93025362
experiment,0.0346784236,1.89673913
experiment,0.0356392687,1.89492754
experiment,0.0366267361,1.89402174
experiment,0.0376415636,1.88586957
experiment,0.0386845093,1.88043478
experiment,0.0397563521,1.88134058
experiment,0.0408578928,1.89130435
experiment,0.0419899542,1.88405797
experiment,0.0431533819,1.88949275
experiment,0.0443490451,1.88949275
experiment,0.0455778368,1.89673913
experiment,0.0468406751,1.9076087
experiment,0.0481385031,1.89311594
experiment,0.0494722905,1.90217391
experiment,0.0508430335,1.90217391
experiment,0.052251756,1.90398551
experiment,0.0536995104,1.91394928
experiment,0.0551873782,1.91485507
experiment,0.0567164708,1.93115942
experiment,0.0582879304,1.93568841
experiment,0.0599029308,1.92934783
experiment,0.0615626785,1.94565217
experiment,0.0632684134,1.94927536
experiment,0.0650214095,1.94927536
experiment,0.0668229764,1.94746377
experiment,0.0686744599,1.9375
experiment,0.0705772429,1.92572464
experiment,0.0725327468,1.93025362
experiment,0.0745424325,1.92391304
experiment,0.0766078011,1.92119565
experiment,0.0787303955,1.91213768
experiment,0.0809118012,1.91394928
experiment,0.0831536478,1.91032609
experiment,0.0854576098,1.89945652
experiment,0.0878254084,1.88677536
experiment,0.0902588123,1.88043478
experiment,0.0927596391,1.87137681
experiment,0.0953297571,1.86956522
experiment,0.0979710861,1.86684783
experiment,0.100685599,1.85144928
experiment,0.103475324,1.84782609
experiment,0.106342345,1.8451087
experiment,0.109288803,1.83152174
experiment,0.112316899,1.82246377
experiment,0.115428895,1.82789855
experiment,0.118627117,1.82336957
experiment,0.121913953,1.8125
experiment,0.125291858,1.80434783
experiment,0.128763355,1.79891304
experiment,0.132331039,1.77717391
experiment,0.135997573,1.76630435
experiment,0.139765697,1.76086957
experiment,0.143638225,1.74275362
experiment,0.147618051,1.72644928
experiment,0.151708146,1.71467391
experiment,0.155911568,1.70833333
experiment,0.160231454,1.66938406
experiment,0.164671033,1.65851449
experiment,0.169233621,1.64583333
experiment,0.173922626,1.63134058
experiment,0.17874155,1.60960145
experiment,0.183693993,1.56612319
experiment,0.188783656,1.56521739
experiment,0.194014339,1.51902174
experiment,0.19938995,1.51539855
experiment,0.204914505,1.47916667
experiment,0.21059213,1.47282609
experiment,0.216427066,1.44384058
experiment,0.222423673,1.41757246
experiment,0.22858643,1.39130435
experiment,0.23491994,1.375
experiment,0.241428934,1.36594203
experiment,0.248118275,1.32880435
experiment,0.25499296,1.32336957
experiment,0.262058123,1.29528986
experiment,0.269319043,1.28985507
experiment,0.276781143,1.25905797
experiment,0.284449998,1.22916667
experiment,0.292331336,1.21105072
experiment,0.300431044,1.19836957
experiment,0.308755173,1.17934783
experiment,0.318395821,1.1865942
experiment,0.32610174,1.16576087
experiment,0.335137134,1.13134058
experiment,0.344422875,1.13043478
experiment,0.353965899,1.0951087
experiment,0.363773334,1.0932971
experiment,0.373852507,1.06521739
experiment,0.384210945,1.04619565
experiment,0.394856389,1.01449275
experiment,0.405796788,1.00362319
experiment,0.417040317,0.973731884
experiment,0.428595373,0.970108696
experiment,0.440470588,0.923913043
experiment,0.452674833,0.917572464
experiment,0.465217225,0.888586957
experiment,0.478107132,0.875
experiment,0.491354184,0.84692029
experiment,0.504968276,0.826086957
experiment,0.518959577,0.805253623
experiment,0.53333854,0.77173913
experiment,0.548115904,0.763586957
experiment,0.563302709,0.730072464
experiment,0.578910299,0.724637681
experiment,0.594950333,0.691123188
experiment,0.611434793,0.686594203
experiment,0.628375993,0.655797101
experiment,0.645786587,0.647644928
experiment,0.663679582,0.61865942
experiment,0.682068343,0.605072464
experiment,0.700966607,0.583333333
experiment,0.720388491,0.563405797
experiment,0.740348502,0.545289855
experiment,0.760861551,0.514492754
experiment,0.78194296,0.509963768
experiment,0.803608479,0.492753623
experiment,0.82587429,0.471014493
experiment,0.848757027,0.461956522
experiment,0.872273782,0.444746377
experiment,0.896442122,0.423007246
experiment,0.921280102,0.411231884
experiment,0.946806275,0.393115942
experiment,0.973039709,0.377717391
experiment,1,0.365036232
experiment,1.02770729,0.349637681
experiment,1.05618227,0.335144928
experiment,1.08544622,0.327898551
experiment,1.11552099,0.3125
experiment,1.14642905,0.300724638
experiment,1.17819349,0.289855072
experiment,1.21083803,0.275362319
experiment,1.24438707,0.265398551
experiment,1.27886566,0.240942029
experiment,1.31429956,0.234601449
experiment,1.35071523,0.214673913
experiment,1.38813989,0.204710145
experiment,1.42660148,0.201992754
experiment,1.46612874,0.205615942
experiment,1.50675119,0.173007246
experiment,1.54849918,0.164855072
experiment,1.59140389,0.180253623
experiment,1.63549738,0.149456522
experiment,1.68081257,0.16576087
experiment,1.72738333,0.140398551
experiment,1.77524444,0.141304348
experiment,1.82443164,0.130434783
experiment,1.8749817,0.128623188
experiment,1.92693235,0.125905797
experiment,1.98032242,0.112318841
experiment,2.03519179,0.110507246
experiment,2.09158143,0.0996376812
experiment,2.14953348,0.113224638
experiment,2.20909122,0.0905797101
experiment,2.27029915,0.097826087
experiment,2.33320298,0.0769927536
experiment,2.39784971,0.089673913
experiment,2.46428762,0.0760869565
experiment,2.53256634,0.0751811594
experiment,2.60273689,0.0815217391
experiment,2.67485167,0.0733695652
experiment,2.74896455,0.0670289855
experiment,2.8251309,0.0543478261
experiment,2.90340762,0.0461956522
experiment,2.98385317,0.0416666667
experiment,3.06652765,0.0362318841
experiment,3.14074474,0.0380434783
experiment,3.23881213,0.0362318841
experiment,3.32855083,0.0452898551
experiment,3.42077594,0.0326086957
experiment,3.51555636,0.0280797101
experiment,3.6129629,0.0253623188
experiment,3.7130683,0.0226449275
experiment,3.81594735,0.0199275362
experiment,3.9216769,0.0217391304
experiment,4.05796788,0.0253623188
experiment,4.14200561,0.0190217391
experiment,4.25676935,0.0163043478
experiment,4.37471288,0.0144927536
experiment,4.49592431,0.0307971014
experiment,4.62049418,0.035326087
experiment,4.74851554,0.0172101449
experiment,4.84685403,0.0307971014
experiment,5.06696348,0.0235507246
experiment,5.15425822,0.0226449275
experiment,5.24305689,0.018115942
experiment,5.49991634,0.027173913
experiment,5.59467008,0.0253623188
experiment,5.74968321,0.0153985507
experiment,6.09349514,0.027173913
experiment,6.17733547,0.0235507246
experiment,6.45786587,0.0226449275
experiment,6.59160384,0.0262681159
experiment,6.75113597,0.0217391304
experiment,7.15483144,0.0235507246
experiment,7.34470375,0.0163043478
experiment,7.5568061,0.0199275362
experiment,7.75734587,0.0163043478
published_NLC_A,0.100685599,1.52536232
published_NLC_A,0.103593225,1.56702899
published_NLC_A,0.106342345,1.57789855
published_NLC_A,0.110038086,1.61775362
published_NLC_A,0.112316899,1.62771739
published_NLC_A,0.116220275,1.66304348
published_NLC_A,0.118627117,1.67210145
published_NLC_A,0.125291858,1.70471014
published_NLC_A,0.128324212,1.71376812
published_NLC_A,0.136462976,1.73369565
published_NLC_A,0.139765697,1.73822464
published_NLC_A,0.149138752,1.73550725
published_NLC_A,0.151708146,1.73822464
published_NLC_A,0.155379836,1.73550725
published_NLC_A,0.165234561,1.71557971
published_NLC_A,0.169233621,1.71014493
published_NLC_A,0.179353229,1.67934783
published_NLC_A,0.183067511,1.67028986
published_NLC_A,0.190077955,1.63949275
published_NLC_A,0.194014339,1.63224638
published_NLC_A,0.19938995,1.61231884
published_NLC_A,0.204914505,1.59057971
published_NLC_A,0.209158143,1.58333333
published_NLC_A,0.230941235,1.50181159
published_NLC_A,0.233320298,1.49094203
published_NLC_A,0.242255138,1.45652174
published_NLC_A,0.245588324,1.44202899
published_NLC_A,0.25499296,1.4048913
published_NLC_A,0.259386033,1.39311594
published_NLC_A,0.269319043,1.35144928
published_NLC_A,0.278678752,1.30887681
published_NLC_A,0.284449998,1.29981884
published_NLC_A,0.293331735,1.25905797
published_NLC_A,0.299406433,1.25181159
published_NLC_A,0.309811777,1.21376812
published_NLC_A,0.316227766,1.20289855
published_NLC_A,0.327217706,1.16485507
published_NLC_A,0.332855083,1.15398551
published_NLC_A,0.344422875,1.11775362
published_NLC_A,0.351555636,1.10597826
published_NLC_A,0.363773334,1.06884058
published_NLC_A,0.37130683,1.05706522
published_NLC_A,0.384210945,1.02083333
published_NLC_A,0.39216769,1.01086957
published_NLC_A,0.405796788,0.971014493
published_NLC_A,0.416565675,0.963768116
published_NLC_A,0.428595373,0.924818841
published_NLC_A,0.437471288,0.917572464
published_NLC_A,0.452674833,0.884057971
published_NLC_A,0.462049418,0.870471014
published_NLC_A,0.479743282,0.836956522
published_NLC_A,0.488008402,0.826086957
published_NLC_A,0.506696348,0.793478261
published_NLC_A,0.517189681,0.780797101
published_NLC_A,0.536995104,0.748188406
published_NLC_A,0.548115904,0.736413043
published_NLC_A,0.569105625,0.704710145
published_NLC_A,0.578910299,0.69384058
published_NLC_A,0.601079271,0.655797101
published_NLC_A,0.611434793,0.650362319
published_NLC_A,0.621968723,0.643115942
published_NLC_A,0.645786587,0.609601449
published_NLC_A,0.661416123,0.599637681
published_NLC_A,0.689094735,0.572463768
published_NLC_A,0.700966607,0.560688406
published_NLC_A,0.740348502,0.527173913
published_NLC_A,0.75568061,0.512681159
published_NLC_A,0.787303955,0.486413043
published_NLC_A,0.800867797,0.476449275
published_NLC_A,0.848757027,0.44384058
published_NLC_A,0.866334201,0.43115942
published_NLC_A,0.905676906,0.407608696
published_NLC_A,0.921280102,0.398550725
published_NLC_A,0.973039709,0.361413043
published_NLC_A,0.996589531,0.355072464
published_NLC_A,1.03829431,0.324275362
published_NLC_A,1.05618227,0.322463768
published_NLC_A,1.07805508,0.317028986
published_NLC_A,1.14642905,0.293478261
published_NLC_A,1.27015747,0.24365942
published_NLC_A,1.38340568,0.211956522
published_NLC_B,0.1,2.22735507
published_NLC_B,0.102770729,2.19384058
published_NLC_B,0.105618227,2.1548913
published_NLC_B,0.108544622,2.10235507
published_NLC_B,0.111171654,2.09057971
published_NLC_B,0.115035229,2.05253623
published_NLC_B,0.117819349,2.03442029
published_NLC_B,0.121083803,2.01177536
published_NLC_B,0.124438707,1.99275362
published_NLC_B,0.127886566,1.97644928
published_NLC_B,0.132783894,1.94202899
published_NLC_B,0.135071523,1.9384058
published_NLC_B,0.137398565,1.93297101
published_NLC_B,0.143148351,1.90036232
published_NLC_B,0.146612874,1.88496377
published_NLC_B,0.150675119,1.86503623
published_NLC_B,0.154849918,1.84601449
published_NLC_B,0.159140389,1.82699275
published_NLC_B,0.165234561,1.78985507
published_NLC_B,0.168081257,1.7826087
published_NLC_B,0.172738333,1.75996377
published_NLC_B,0.177524444,1.73641304
published_NLC_B,0.182443164,1.71195652
published_NLC_B,0.18749817,1.6875
published_NLC_B,0.192693235,1.66304348
published_NLC_B,0.198257883,1.62318841
published_NLC_B,0.203519179,1.61322464
published_NLC_B,0.209873912,1.57246377
published_NLC_B,0.214953348,1.55434783
published_NLC_B,0.220909122,1.52807971
published_NLC_B,0.227029915,1.50181159
published_NLC_B,0.233054752,1.48913043
published_NLC_B,0.239784971,1.44565217
published_NLC_B,0.246709546,1.40398551
published_NLC_B,0.253256634,1.39130435
published_NLC_B,0.260273689,1.36413043
published_NLC_B,0.267485167,1.33695652
published_NLC_B,0.273958929,1.31884058
published_NLC_B,0.28251309,1.27807971
published_NLC_B,0.29001032,1.26811594
published_NLC_B,0.298385317,1.22735507
published_NLC_B,0.306652765,1.20289855
published_NLC_B,0.315149281,1.17753623
published_NLC_B,0.323881213,1.15398551
published_NLC_B,0.333234343,1.11413043
published_NLC_B,0.342077594,1.10507246
published_NLC_B,0.351956204,1.06702899
published_NLC_B,0.36129629,1.05344203
published_NLC_B,0.37130683,1.0298913
published_NLC_B,0.381594735,1.00634058
published_NLC_B,0.39216769,0.985507246
published_NLC_B,0.405796788,0.948369565
published_NLC_B,0.414200561,0.939311594
published_NLC_B,0.428595373,0.902173913
published_NLC_B,0.437471288,0.892210145
published_NLC_B,0.449592431,0.869565217
published_NLC_B,0.462049418,0.84692029
published_NLC_B,0.474851554,0.826992754
published_NLC_B,0.488008402,0.805253623
published_NLC_B,0.501529792,0.783514493
published_NLC_B,0.511916129,0.776268116
published_NLC_B,0.529706873,0.740036232
published_NLC_B,0.544383614,0.722826087
published_NLC_B,0.559467008,0.701086957
published_NLC_B,0.574968321,0.682971014
published_NLC_B,0.590899133,0.66576087
published_NLC_B,0.611434793,0.632246377
published_NLC_B,0.624097188,0.625
published_NLC_B,0.634849268,0.619565217
published_NLC_B,0.659160384,0.586050725
published_NLC_B,0.67742393,0.569746377
published_NLC_B,0.69619351,0.550724638
published_NLC_B,0.715483144,0.533514493
published_NLC_B,0.735307241,0.516304348
published_NLC_B,0.747975272,0.512681159
published_NLC_B,0.77661847,0.480978261
published_NLC_B,0.795414442,0.471014493
published_NLC_B,0.82587429,0.440217391
published_NLC_B,0.842977579,0.434782609
published_NLC_B,0.866334201,0.419384058
published_NLC_B,0.890337972,0.403985507
published_NLC_B,0.915006823,0.389492754
published_NLC_B,0.94035918,0.376811594
published_NLC_B,0.95655989,0.371376812
published_NLC_B,0.996589531,0.344202899
published_NLC_B,1.02070931,0.335144928
published_NLC_B,1.03829431,0.335144928
published_NLC_B,1.07805508,0.30615942
published_NLC_B,1.10792506,0.297101449
published_NLC_B,1.13862266,0.286231884
published_NLC_B,1.1701708,0.275362319
published_NLC_B,1.20259306,0.263586957
published_NLC_B,1.23591365,0.253623188
published_NLC_B,1.26150858,0.248188406
published_NLC_B,1.31879728,0.224637681
published_NLC_B,1.3415178,0.223731884
published_NLC_B,1.37398565,0.217391304
published_NLC_B,1.45614542,0.195652174
published_NLC_B,1.49649126,0.1875
published_NLC_B,1.53795497,0.179347826
published_NLC_B,1.58056753,0.171195652
published_NLC_B,1.62436077,0.163949275
published_NLC_B,1.6693674,0.156702899
published_NLC_B,1.71562105,0.151268116
published_NLC_B,1.82443164,0.133152174
published_NLC_B,1.86221437,0.130434783
published_NLC_B,1.90077955,0.127717391
published_NLC_B,2.02133354,0.112318841
published_NLC_B,2.07733921,0.107789855
published_NLC_B,2.13489664,0.101449275
published_NLC_B,2.19404884,0.097826087
published_NLC_B,2.25483998,0.0942028986
published_NLC_B,2.31731548,0.0887681159
published_NLC_B,2.38152201,0.0833333333
published_NLC_B,2.43084169,0.0833333333
published_NLC_B,2.58501405,0.0724637681
published_NLC_B,2.65663778,0.0688405797
published_NLC_B,2.7024069,0.0706521739
published_NLC_B,2.8347989,0.0579710145
published_NLC_B,2.88363742,0.0597826087
published_NLC_B,2.96353519,0.0561594203
published_NLC_B,3.04564672,0.0543478261
published_NLC_B,3.13003332,0.0507246377
published_NLC_B,3.21675806,0.0471014493
published_NLC_B,3.3058857,0.0461956522
published_NLC_B,3.39748283,0.0434782609
published_NLC_B,3.46784236,0.0434782609
published_NLC_B,3.70040499,0.0362318841
published_NLC_B,3.78996339,0.035326087
published_NLC_B,3.85525769,0.0362318841
published_NLC_B,4.11380142,0.0289855072
published_NLC_B,4.2277837,0.0289855072
published_NLC_B,4.34492412,0.0253623188
published_NLC_B,4.46531018,0.0253623188
published_NLC_B,4.58903181,0.0235507246
published_NLC_B,4.71618144,0.0217391304
published_NLC_B,4.84685403,0.0217391304
published_NLC_B,4.93035667,0.0217391304
published_NLC_B,5.29706873,0.0172101449
published_NLC_B,5.40676739,0.0163043478
published_NLC_B,5.51873782,0.0163043478
published_NLC_B,5.8888389,0.0163043478
published_NLC_B,6.07271346,0.0144927536
published_NLC_B,6.19847518,0.0144927536
published_NLC_B,6.37021811,0.0144927536
published_NLC_B,6.54671958,0.0144927536
published_NLC_B,6.72811142,0.0144927536
published_NLC_B,6.86744599,0.0144927536
published_NLC_B,7.1304301,0.0126811594
published_NLC_B,7.58266655,0.0126811594
published_NLC_B,7.71330236,0.0126811594
published_NLC_B,7.84618879,0.0126811594
