# Order-6 pyrochlore NLCE, dipole-octupole XYZ, bare sum.
# Blank where the order-6 and order-5 bare sums differ by more than 2%.
temperature_K,C_A
2.00000000e-02,nan
2.06344387e-02,nan
2.12890030e-02,nan
2.19643313e-02,nan
2.26610824e-02,nan
2.33799357e-02,nan
2.41215925e-02,nan
2.48867760e-02,nan
2.56762327e-02,nan
2.64907324e-02,nan
2.73310697e-02,nan
2.81980640e-02,nan
2.90925611e-02,nan
3.00154334e-02,nan
3.09675810e-02,nan
3.19499326e-02,nan
3.29634462e-02,nan
3.40091104e-02,nan
3.50879452e-02,nan
3.62010026e-02,nan
3.73493684e-02,nan
3.85341626e-02,nan
3.97565408e-02,nan
4.10176951e-02,nan
4.23188557e-02,nan
4.36612916e-02,nan
4.50463122e-02,nan
4.64752683e-02,nan
4.79495537e-02,nan
4.94706062e-02,nan
5.10399095e-02,nan
5.26589941e-02,nan
5.43294392e-02,nan
5.60528741e-02,nan
5.78309796e-02,nan
5.96654901e-02,nan
6.15581948e-02,nan
6.35109398e-02,nan
6.55256296e-02,nan
6.76042293e-02,nan
6.97487661e-02,nan
7.19613318e-02,nan
7.42440844e-02,nan
7.65992503e-02,nan
7.90291266e-02,nan
8.15360833e-02,nan
8.41225656e-02,nan
8.67910960e-02,nan
8.95442773e-02,nan
9.23847950e-02,nan
9.53154193e-02,nan
9.83390087e-02,nan
1.01458512e-01,nan
1.04676972e-01,nan
1.07997528e-01,nan
1.11423419e-01,nan
1.14957985e-01,nan
1.18604674e-01,nan
1.22367044e-01,nan
1.26248763e-01,nan
1.30253618e-01,nan
1.34385515e-01,nan
1.38648483e-01,nan
1.43046681e-01,nan
1.47584398e-01,nan
1.52266061e-01,nan
1.57096235e-01,nan
1.62079631e-01,nan
1.67221110e-01,nan
1.72525687e-01,1.71423448e+00
1.77998536e-01,1.69890778e+00
1.83644993e-01,1.68086909e+00
1.89470568e-01,1.66050672e+00
1.95480940e-01,1.63815552e+00
2.01681974e-01,1.61410952e+00
2.08079716e-01,1.58863067e+00
2.14680407e-01,1.56195471e+00
2.21490484e-01,1.53429476e+00
2.28516591e-01,1.50584417e+00
2.35765579e-01,1.47677757e+00
2.43244519e-01,1.44725218e+00
2.50960705e-01,1.41740826e+00
2.58921664e-01,1.38736987e+00
2.67135160e-01,1.35724524e+00
2.75609204e-01,1.32712765e+00
2.84352060e-01,1.29709612e+00
2.93372258e-01,1.26721631e+00
3.02678593e-01,1.23754160e+00
3.12280143e-01,1.20811422e+00
3.22186273e-01,1.17896648e+00
3.32406644e-01,1.15012197e+00
3.42951226e-01,1.12159693e+00
3.53830302e-01,1.09340137e+00
3.65054483e-01,1.06554037e+00
3.76634717e-01,1.03801517e+00
3.88582298e-01,1.01082420e+00
4.00908880e-01,9.83964062e-01
4.13626485e-01,9.57430309e-01
4.26747517e-01,9.31218217e-01
4.40284773e-01,9.05323322e-01
4.54251458e-01,8.79741940e-01
4.68661192e-01,8.54471503e-01
4.83528031e-01,8.29510846e-01
4.98866475e-01,8.04860349e-01
5.14691484e-01,7.80522042e-01
5.31018493e-01,7.56499569e-01
5.47863427e-01,7.32798173e-01
5.65242714e-01,7.09424545e-01
5.83173306e-01,6.86386686e-01
6.01672690e-01,6.63693716e-01
6.20758911e-01,6.41355667e-01
6.40450584e-01,6.19383258e-01
6.60766915e-01,5.97787663e-01
6.81727719e-01,5.76580296e-01
7.03353441e-01,5.55772584e-01
7.25665172e-01,5.35375762e-01
7.48684674e-01,5.15400677e-01
7.72434399e-01,4.95857626e-01
7.96937512e-01,4.76756193e-01
8.22217911e-01,4.58105118e-01
8.48300252e-01,4.39912192e-01
8.75209977e-01,4.22184168e-01
9.02973329e-01,4.04926686e-01
9.31617389e-01,3.88144239e-01
9.61170094e-01,3.71840130e-01
9.91660268e-01,3.56016473e-01
1.02311765e+00,3.40674196e-01
1.05557292e+00,3.25813052e-01
1.08905773e+00,3.11431659e-01
1.12360475e+00,2.97527539e-01
1.15924766e+00,2.84097165e-01
1.19602124e+00,2.71136024e-01
1.23396135e+00,2.58638675e-01
1.27310499e+00,2.46598823e-01
1.31349034e+00,2.35009381e-01
1.35515679e+00,2.23862546e-01
1.39814499e+00,2.13149875e-01
1.44249685e+00,2.02862348e-01
1.48825564e+00,1.92990448e-01
1.53546598e+00,1.83524228e-01
1.58417393e+00,1.74453375e-01
1.63442699e+00,1.65767274e-01
1.68627418e+00,1.57455075e-01
1.73976606e+00,1.49505745e-01
1.79495480e+00,1.41908126e-01
1.85189424e+00,1.34650979e-01
1.91063990e+00,1.27723038e-01
1.97124909e+00,1.21113051e-01
2.03378093e+00,1.14809816e-01
2.09829639e+00,1.08802219e-01
2.16485841e+00,1.03079265e-01
2.23353190e+00,9.76301062e-02
2.30438385e+00,9.24440699e-02
2.37748336e+00,8.75106761e-02
2.45290173e+00,8.28196583e-02
2.53071252e+00,7.83609823e-02
2.61099161e+00,7.41248562e-02
2.69381731e+00,7.01017438e-02
2.77927041e+00,6.62823732e-02
2.86743424e+00,6.26577434e-02
2.95839480e+00,5.92191304e-02
3.05224080e+00,5.59580897e-02
3.14906378e+00,5.28664587e-02
3.24895817e+00,4.99363573e-02
3.35202140e+00,4.71601868e-02
3.45835400e+00,4.45306287e-02
3.56805968e+00,4.20406414e-02
3.68124543e+00,3.96834568e-02
3.79802165e+00,3.74525758e-02
3.91850224e+00,3.53417636e-02
4.04280471e+00,3.33450440e-02
4.17105029e+00,3.14566932e-02
4.30336407e+00,2.96712337e-02
4.43987510e+00,2.79834276e-02
4.58071652e+00,2.63882696e-02
4.72602571e+00,2.48809799e-02
4.87594438e+00,2.34569972e-02
5.03061877e+00,2.21119709e-02
5.19019972e+00,2.08417546e-02
5.35484289e+00,1.96423980e-02
5.52470886e+00,1.85101402e-02
5.69996331e+00,1.74414021e-02
5.88077716e+00,1.64327792e-02
6.06732678e+00,1.54810350e-02
6.25979412e+00,1.45830941e-02
6.45836689e+00,1.37360348e-02
6.66323878e+00,1.29370834e-02
6.87460960e+00,1.21836070e-02
7.09268550e+00,1.14731080e-02
7.31767920e+00,1.08032174e-02
7.54981013e+00,1.01716892e-02
7.78930471e+00,9.57639484e-03
8.03639651e+00,9.01531761e-03
8.29132655e+00,8.48654722e-03
8.55434346e+00,7.98827488e-03
8.82570377e+00,7.51878846e-03
9.10567216e+00,7.07646753e-03
9.39452169e+00,6.65977901e-03
9.69253408e+00,6.26727281e-03
1.00000000e+01,5.89757762e-03
